<?xml version="1.0" encoding="utf-8"?>
<courseStructure xmlns="https://w3id.org/xapi/profiles/cmi5/v1/CourseStructure.xsd">
  <course id="https://github.com/xapijs/cmi5-demo">
    <title>
      <langstring lang="en-US">xAPI.js cmi5 demo</langstring>
    </title>
    <description>
      <langstring lang="en-US">An example course using the xAPI.js cmi5 profile.</langstring>
    </description>
  </course>
  <objectives>
    <objective id="https://github.com/xapijs/cmi5-demo/objectives/test">
      <title>
        <langstring lang="en-US">Test Objective</langstring>
      </title>
      <description>
        <langstring lang="en-US">A basic objective used for testing.</langstring>
      </description>
    </objective>
  </objectives>
  <au id="https://github.com/xapijs/cmi5-demo/cmi5-demo" moveOn="CompletedAndPassed" masteryScore="1.0">
    <title>
      <langstring lang="en-US">xAPI.js cmi5 demo</langstring>
    </title>
    <description>
      <langstring lang="en-US">An example au using the xAPI.js cmi5 profile.</langstring>
    </description>
    <url>index.html</url>
  </au>
</courseStructure>